time,open,high,low,close,tick_volume
2024-11-13,0.88084,0.88492,0.87967,0.88408,46054
