time,open,high,low,close,tick_volume
2024-11-13,0.88084,0.88533,0.87967,0.88514,55833
