time,open,high,low,close,tick_volume
2024-11-13,2.1484199999999998,2.1563,2.14489,2.15542,90047
