time,open,high,low,close,tick_volume
2024-11-13,1.77548,1.78045,1.77542,1.77667,81860
