time,open,high,low,close,tick_volume
2024-11-13,0.65327,0.65457,0.64802,0.64876,70336
