time,open,high,low,close,tick_volume
2024-11-13,0.9102,0.91211,0.90625,0.90698,79237
