time,open,high,low,close,tick_volume
2024-11-13,1.62442,1.6311200000000001,1.62363,1.62893,121036
