time,open,high,low,close,tick_volume
2024-11-13,0.52118,0.52376,0.52039,0.5207,48707
