time,open,high,low,close,tick_volume
2024-11-13,0.63109,0.63333,0.63097,0.63198,37232
