time,open,high,low,close,tick_volume
2024-11-13,0.57482,0.57691,0.57319,0.57354,49771
