time,open,high,low,close,tick_volume
2024-11-13,1.06211,1.06534,1.05557,1.05676,65580
