time,open,high,low,close,tick_volume
2024-11-13,1.39348,1.39993,1.39299,1.39813,62245
