time,open,high,low,close,tick_volume
2024-11-13,1.27407,1.27682,1.26863,1.27021,76838
