time,open,high,low,close,tick_volume
2024-11-13,1.79054,1.79683,1.7885499999999999,1.79606,88680
