time,open,high,low,close,tick_volume
2024-11-13,1.79054,1.7959399999999999,1.7885499999999999,1.7949000000000002,75072
