time,open,high,low,close,tick_volume
2024-11-13,0.8329,0.83455,0.83182,0.83273,47132
