time,open,high,low,close,tick_volume
2024-11-13,0.8329,0.83455,0.83107,0.83126,56923
