time,open,high,low,close,tick_volume
2024-11-13,1.12186,1.12607,1.12173,1.12293,65490
