time,open,high,low,close,tick_volume
2024-11-13,0.59188,0.59475,0.58873,0.58922,48264
