time,open,high,low,close,tick_volume
2024-11-13,0.82519,0.82872,0.82246,0.82251,67892
