time,open,high,low,close,tick_volume
2024-11-13,0.93533,0.93863,0.93393,0.93512,48784
