time,open,high,low,close,tick_volume
2024-11-13,1.10138,1.10282,1.09943,1.1025800000000001,77929
