time,open,high,low,close,tick_volume
2024-11-13,1.94868,1.95902,1.94868,1.95763,120522
