time,open,high,low,close,tick_volume
2024-11-13,1.94868,1.96037,1.94868,1.9595099999999999,141781
